comparison,num_prompts,num_optimizer_seeds,num_judge_runs,win_ratio_mean,tie_ratio_mean,loss_ratio_mean,pref_mean,pref_judge_std,pref_seed_std,pref_all_run_std,pref_ci_lower,pref_ci_upper,delta_wr_mean,delta_wr_judge_std,delta_wr_seed_std,delta_wr_all_run_std,delta_wr_ci_lower,delta_wr_ci_upper,permutation_p_value,mcnemar_exact_p_value,majority_win_count,majority_loss_count,method_loss_rate,unstable_case_rate,permutation_p_value_holm
PRISM_BPO_vs_BPO_gemma_bpo_deepseek,200,0,3,0.33666666666666667,0.455,0.20833333333333334,0.5641666666666667,0.005204164998665283,0.0,0.005204164998665283,0.5267708333333334,0.6058333333333333,0.12833333333333333,0.010408329997330646,0.0,0.010408329997330646,0.05408333333333334,0.21758333333333335,0.0196078431372549,0.026423520277147814,66,42,0.21,0.09,0.7058823529411764
PRISM_BPO_vs_BPO_gemma_dolly_deepseek,200,0,3,0.295,0.49499999999999994,0.21,0.5425,0.004330127018922165,0.0,0.004330127018922165,0.5001041666666667,0.582125,0.08500000000000002,0.008660254037844393,0.0,0.008660254037844393,-0.027583333333333328,0.14629166666666665,0.13725490196078433,0.11446824201255824,60,43,0.215,0.08,1.0
PRISM_BPO_vs_BPO_gemma_self_deepseek,252,0,3,0.3386243386243386,0.4338624338624339,0.22751322751322753,0.5555555555555556,0.001984126984126977,0.0,0.001984126984126977,0.5132275132275131,0.5963293650793651,0.1111111111111111,0.003968253968253982,0.0,0.003968253968253982,0.03792989417989418,0.17238756613756617,0.0392156862745098,0.03553746207714312,84,58,0.23015873015873015,0.12698412698412698,1.0
PRISM_BPO_vs_BPO_gemma_vicuna_deepseek,80,0,3,0.31666666666666665,0.5375000000000001,0.14583333333333334,0.5854166666666666,0.009547032697824693,0.0,0.009547032697824693,0.5164583333333334,0.6365624999999999,0.17083333333333334,0.019094065395649337,0.0,0.019094065395649337,0.05375,0.2883333333333333,0.0196078431372549,0.04703102743951604,25,12,0.15,0.1625,0.7058823529411764
PRISM_BPO_vs_BPO_llama_bpo_deepseek,200,0,3,0.34166666666666673,0.3633333333333333,0.295,0.5233333333333333,0.005204164998665283,0.0,0.005204164998665283,0.4717708333333333,0.5711041666666666,0.04666666666666666,0.010408329997330651,0.0,0.010408329997330651,-0.04604166666666666,0.15925,0.45098039215686275,0.5946154859354933,67,60,0.3,0.11,1.0
PRISM_BPO_vs_BPO_llama_dolly_deepseek,200,0,3,0.30666666666666664,0.4366666666666667,0.25666666666666665,0.525,0.007500000000000007,0.0,0.007500000000000007,0.48695833333333327,0.582125,0.05000000000000001,0.015000000000000013,0.0,0.015000000000000013,-0.038458333333333324,0.13258333333333333,0.3333333333333333,0.4518532686657422,61,52,0.26,0.14,1.0
PRISM_BPO_vs_BPO_llama_self_deepseek,252,0,3,0.3875661375661375,0.3280423280423281,0.28439153439153436,0.5515873015873016,0.005249506569572582,0.0,0.005249506569572582,0.5168485449735449,0.6057374338624338,0.10317460317460317,0.010499013139145195,0.0,0.010499013139145195,0.017096560846560842,0.1984126984126984,0.058823529411764705,0.021506542463250306,101,70,0.2777777777777778,0.10714285714285714,1.0
PRISM_BPO_vs_BPO_llama_vicuna_deepseek,80,0,3,0.3125,0.37083333333333335,0.31666666666666665,0.4979166666666666,0.0036084391824351483,0.0,0.0036084391824351483,0.4063020833333333,0.5772916666666666,-0.004166666666666685,0.00721687836487033,0.0,0.00721687836487033,-0.17760416666666665,0.12260416666666665,1.0,1.0,25,25,0.3125,0.075,1.0
PRISM_BPO_vs_BPO_vicuna_bpo_deepseek,200,0,3,0.3516666666666666,0.3316666666666667,0.31666666666666665,0.5175,0.006614378277661461,0.0,0.006614378277661461,0.46472916666666664,0.5868333333333333,0.034999999999999996,0.013228756555322933,0.0,0.013228756555322933,-0.02500000000000001,0.13933333333333328,0.6470588235294118,0.43353726974233275,71,61,0.305,0.09,1.0
PRISM_BPO_vs_BPO_vicuna_dolly_deepseek,200,0,3,0.3433333333333333,0.45333333333333337,0.20333333333333334,0.57,0.004330127018922165,0.0,0.004330127018922165,0.5360208333333334,0.6059166666666667,0.14,0.008660254037844362,0.0,0.008660254037844362,0.05929166666666668,0.2421666666666666,0.0196078431372549,0.0038541081873813185,70,39,0.195,0.105,0.7058823529411764
PRISM_BPO_vs_BPO_vicuna_self_deepseek,252,0,3,0.3214285714285714,0.3703703703703704,0.3082010582010582,0.5066137566137566,0.010181748887791463,0.0,0.010181748887791463,0.4647486772486772,0.5581018518518519,0.013227513227513237,0.020363497775582856,0.0,0.020363497775582856,-0.07199074074074073,0.10168650793650794,0.8235294117647058,1.0,80,80,0.31746031746031744,0.12698412698412698,1.0
PRISM_BPO_vs_BPO_vicuna_vicuna_deepseek,80,0,3,0.375,0.31666666666666665,0.30833333333333335,0.5333333333333333,0.013010412496663284,0.0,0.013010412496663284,0.4486458333333334,0.62328125,0.06666666666666668,0.026020824993326683,0.0,0.026020824993326683,-0.0953125,0.18552083333333325,0.5686274509803921,0.6834892282353375,29,25,0.3125,0.0875,1.0
PRISM_BPO_vs_MePO_gemma_bpo_deepseek,200,0,3,0.38999999999999996,0.285,0.325,0.5325,0.0025000000000000022,0.0,0.0025000000000000022,0.47945833333333326,0.5832291666666666,0.06499999999999999,0.0050000000000000044,0.0,0.0050000000000000044,-0.028125000000000004,0.16629166666666664,0.3137254901960784,0.2752499689715738,78,64,0.32,0.115,1.0
PRISM_BPO_vs_MePO_gemma_dolly_deepseek,200,0,3,0.43166666666666664,0.265,0.3033333333333333,0.5641666666666667,0.0014433756729740337,0.0,0.0014433756729740337,0.49343750000000003,0.6294166666666667,0.12833333333333335,0.002886751345948131,0.0,0.002886751345948131,0.04520833333333333,0.2227083333333333,0.0196078431372549,0.05660326997033366,85,61,0.305,0.135,0.7058823529411764
PRISM_BPO_vs_MePO_gemma_self_deepseek,252,0,3,0.42857142857142855,0.2328042328042328,0.3386243386243386,0.544973544973545,0.004582144993568474,0.0,0.004582144993568474,0.49912367724867723,0.5916997354497354,0.08994708994708994,0.009164289987136916,0.0,0.009164289987136916,-0.01742724867724868,0.17827380952380953,0.11764705882352941,0.07239685103567747,110,84,0.3333333333333333,0.10317460317460317,1.0
PRISM_BPO_vs_MePO_gemma_vicuna_deepseek,80,0,3,0.425,0.41250000000000003,0.1625,0.63125,0.012500000000000011,0.0,0.012500000000000011,0.5669270833333334,0.7131770833333333,0.2625,0.02499999999999998,0.0,0.02499999999999998,0.10333333333333333,0.3689583333333333,0.0196078431372549,0.0030876764615186403,34,13,0.1625,0.15,0.7058823529411764
PRISM_BPO_vs_MePO_llama_bpo_deepseek,200,0,3,0.4749999999999999,0.155,0.36999999999999994,0.5524999999999999,0.018027756377319962,0.0,0.018027756377319962,0.4780625,0.6214583333333333,0.105,0.036055512754639904,0.0,0.036055512754639904,0.010583333333333339,0.19962500000000002,0.13725490196078433,0.14483096954373906,95,75,0.375,0.11,1.0
PRISM_BPO_vs_MePO_llama_dolly_deepseek,200,0,3,0.45,0.23166666666666666,0.31833333333333336,0.5658333333333333,0.0038188130791299065,0.0,0.0038188130791299065,0.5344583333333334,0.6008333333333333,0.13166666666666665,0.00763762615825974,0.0,0.00763762615825974,0.027791666666666662,0.22274999999999998,0.0392156862745098,0.018367392110610604,91,61,0.305,0.165,1.0
PRISM_BPO_vs_MePO_llama_self_deepseek,252,0,3,0.43783068783068785,0.1812169312169312,0.38095238095238093,0.5284391534391534,0.004993276742903918,0.0,0.004993276742903918,0.4860449735449735,0.574867724867725,0.056878306878306875,0.009986553485807865,0.0,0.009986553485807865,-0.03892195767195767,0.15122354497354498,0.4117647058823529,0.2660606282470279,112,95,0.376984126984127,0.10714285714285714,1.0
PRISM_BPO_vs_MePO_llama_vicuna_deepseek,80,0,3,0.4666666666666666,0.22083333333333333,0.3125,0.5770833333333333,0.0036084391824350846,0.0,0.0036084391824350846,0.4684375,0.6928125,0.15416666666666667,0.007216878364870297,0.0,0.007216878364870297,-0.047916666666666656,0.28374999999999995,0.13725490196078433,0.1299179230225525,38,25,0.3125,0.0875,1.0
PRISM_BPO_vs_MePO_vicuna_bpo_deepseek,200,0,3,0.41,0.15000000000000002,0.44,0.485,0.004999999999999977,0.0,0.004999999999999977,0.4192708333333333,0.5272916666666666,-0.03000000000000001,0.009999999999999981,0.0,0.009999999999999981,-0.13016666666666665,0.07641666666666663,0.6470588235294118,0.6445422120603311,81,88,0.44,0.08,1.0
PRISM_BPO_vs_MePO_vicuna_dolly_deepseek,200,0,3,0.49,0.19833333333333333,0.3116666666666667,0.5891666666666667,0.006291528696058934,0.0,0.006291528696058934,0.5418541666666667,0.6430208333333334,0.1783333333333333,0.012583057392117928,0.0,0.012583057392117928,0.08358333333333332,0.29424999999999996,0.0196078431372549,0.0012072213753207767,102,60,0.3,0.155,0.7058823529411764
PRISM_BPO_vs_MePO_vicuna_self_deepseek,252,0,3,0.3941798941798942,0.21164021164021163,0.3941798941798942,0.5,0.009092412093166318,0.0,0.009092412093166318,0.46076388888888886,0.5512566137566137,9.69242323085454e-18,0.018184824186332688,0.0,0.018184824186332688,-0.09666005291005289,0.09656084656084657,1.0,0.9433683628047674,100,98,0.3888888888888889,0.14682539682539683,1.0
PRISM_BPO_vs_MePO_vicuna_vicuna_deepseek,80,0,3,0.425,0.125,0.45,0.4875,0.022534695471649907,0.0,0.022534695471649907,0.3909895833333333,0.5854166666666666,-0.025000000000000005,0.045069390943299883,0.0,0.045069390943299883,-0.18333333333333332,0.19072916666666664,0.8627450980392157,0.9049745264594623,34,36,0.45,0.125,1.0
PRISM_MePO_vs_MePO_gemma_bpo_deepseek,200,0,3,0.43166666666666664,0.26833333333333337,0.3,0.5658333333333333,0.0038188130791299065,0.0,0.0038188130791299065,0.512875,0.6152708333333332,0.13166666666666665,0.00763762615825974,0.0,0.00763762615825974,0.04408333333333334,0.22591666666666668,0.058823529411764705,0.039518382596540225,87,61,0.305,0.145,1.0
PRISM_MePO_vs_MePO_gemma_dolly_deepseek,200,0,3,0.39666666666666667,0.21666666666666667,0.3866666666666667,0.505,0.009013878188659966,0.0,0.009013878188659966,0.446875,0.5508333333333334,0.01,0.018027756377319938,0.0,0.018027756377319938,-0.078125,0.12699999999999995,0.9607843137254902,0.7496650751115798,81,76,0.38,0.14,1.0
PRISM_MePO_vs_MePO_gemma_self_deepseek,252,0,3,0.4246031746031746,0.2804232804232804,0.29497354497354494,0.5648148148148148,0.003030804031055439,0.0,0.003030804031055439,0.5014219576719576,0.6185185185185186,0.12962962962962962,0.006061608062110932,0.0,0.006061608062110932,0.04947089947089948,0.20585317460317457,0.0196078431372549,0.014215672308135523,108,74,0.29365079365079366,0.1349206349206349,0.7058823529411764
PRISM_MePO_vs_MePO_gemma_vicuna_deepseek,80,0,3,0.4375,0.3875,0.17500000000000002,0.63125,0.012500000000000011,0.0,0.012500000000000011,0.5659895833333334,0.6974479166666666,0.2625,0.024999999999999994,0.0,0.024999999999999994,0.16020833333333334,0.40020833333333317,0.0196078431372549,0.001402688503695515,36,13,0.1625,0.2375,0.7058823529411764
PRISM_MePO_vs_MePO_llama_bpo_deepseek,200,0,3,0.27666666666666667,0.17333333333333334,0.55,0.36333333333333334,0.005773502691896247,0.0,0.005773502691896247,0.30383333333333334,0.4272083333333333,-0.2733333333333334,0.011547005383792493,0.0,0.011547005383792493,-0.3647916666666666,-0.12945833333333334,0.0196078431372549,6.647590322745793e-05,57,109,0.545,0.12,0.7058823529411764
PRISM_MePO_vs_MePO_llama_dolly_deepseek,200,0,3,0.39833333333333326,0.14833333333333334,0.45333333333333337,0.4725,0.006614378277661451,0.0,0.006614378277661451,0.41825,0.5290625,-0.05499999999999999,0.013228756555322933,0.0,0.013228756555322933,-0.2052916666666667,0.031249999999999983,0.47058823529411764,0.5957764574073551,83,91,0.455,0.11,1.0
PRISM_MePO_vs_MePO_llama_self_deepseek,252,0,3,0.36507936507936506,0.21693121693121695,0.41798941798941797,0.4735449735449736,0.003030804031055439,0.0,0.003030804031055439,0.4228835978835978,0.525132275132275,-0.05291005291005291,0.006061608062110902,0.0,0.006061608062110902,-0.13005952380952385,0.05023148148148147,0.2549019607843137,0.436753489551329,94,106,0.42063492063492064,0.1111111111111111,1.0
PRISM_MePO_vs_MePO_llama_vicuna_deepseek,80,0,3,0.31666666666666665,0.20833333333333334,0.47500000000000003,0.4208333333333334,0.023662118107501153,0.0,0.023662118107501153,0.34286458333333336,0.5076041666666666,-0.15833333333333335,0.04732423621500229,0.0,0.04732423621500229,-0.28791666666666665,0.05645833333333332,0.13725490196078433,0.10342187831608089,25,39,0.4875,0.0875,1.0
PRISM_MePO_vs_MePO_vicuna_bpo_deepseek,200,0,3,0.38166666666666665,0.21666666666666667,0.40166666666666667,0.49,0.012500000000000039,0.0,0.012500000000000039,0.4462083333333334,0.5489583333333333,-0.020000000000000004,0.024999999999999994,0.0,0.024999999999999994,-0.11770833333333333,0.11162499999999999,0.6274509803921569,0.7496650751115798,76,81,0.405,0.145,1.0
PRISM_MePO_vs_MePO_vicuna_dolly_deepseek,200,0,3,0.4033333333333333,0.24333333333333332,0.35333333333333333,0.525,0.0050000000000000044,0.0,0.0050000000000000044,0.44797916666666665,0.581,0.05,0.010000000000000009,0.0,0.010000000000000009,-0.06545833333333333,0.18091666666666667,0.35294117647058826,0.32880860932627676,82,69,0.345,0.085,1.0
PRISM_MePO_vs_MePO_vicuna_self_deepseek,252,0,3,0.41534391534391535,0.2526455026455026,0.33201058201058203,0.5416666666666666,0.005249506569572582,0.0,0.005249506569572582,0.5141203703703704,0.5905919312169311,0.08333333333333333,0.010499013139145216,0.0,0.010499013139145216,-0.010119047619047625,0.16650132275132273,0.0392156862745098,0.08058113741204005,107,82,0.3253968253968254,0.1111111111111111,1.0
PRISM_MePO_vs_MePO_vicuna_vicuna_deepseek,80,0,3,0.42083333333333334,0.19999999999999998,0.37916666666666665,0.5208333333333334,0.015728821740147392,0.0,0.015728821740147392,0.458125,0.59328125,0.04166666666666667,0.03145764348029479,0.0,0.03145764348029479,-0.17541666666666664,0.23510416666666664,0.7254901960784313,0.8013064925040662,33,30,0.375,0.15,1.0
